<?xml version="1.0" encoding="UTF-8"?><rss version="2.0"
	xmlns:content="http://purl.org/rss/1.0/modules/content/"
	xmlns:wfw="http://wellformedweb.org/CommentAPI/"
	xmlns:dc="http://purl.org/dc/elements/1.1/"
	xmlns:atom="http://www.w3.org/2005/Atom"
	xmlns:sy="http://purl.org/rss/1.0/modules/syndication/"
	xmlns:slash="http://purl.org/rss/1.0/modules/slash/"
	>

<channel>
	<title>AiryChat</title>
	<atom:link href="./index.html" rel="self" type="application/rss+xml" />
	<link>./../index.html</link>
	<description>AI Made Easy</description>
	<lastBuildDate>Wed, 06 Sep 2023 16:20:28 +0000</lastBuildDate>
	<language>en-US</language>
	<sy:updatePeriod>
	hourly	</sy:updatePeriod>
	<sy:updateFrequency>
	1	</sy:updateFrequency>
	<generator>https://wordpress.org/?v=6.5.5</generator>

<image>
	<url>./../wp-content/uploads/2023/08/Icon_500px_transparent-150x150.png</url>
	<title>AiryChat</title>
	<link>./../index.html</link>
	<width>32</width>
	<height>32</height>
</image> 
	<item>
		<title>Achieve More with AI Assistants</title>
		<link>./../achieve-more-with-ai-assistants/index.html</link>
		
		<dc:creator><![CDATA[AiryChat makes AI easy]]></dc:creator>
		<pubDate>Thu, 17 Aug 2023 18:04:32 +0000</pubDate>
				<category><![CDATA[AI]]></category>
		<guid isPermaLink="false">https://candorcomplian.wpengine.com/?p=278</guid>

					<description><![CDATA[<p>The post <a href="./../achieve-more-with-ai-assistants/index.html">Achieve More with AI Assistants</a> appeared first on <a href="./../index.html">AiryChat</a>.</p>
]]></description>
		
		
		
			</item>
		<item>
		<title>How can small businesses adopt AI?</title>
		<link>./../how-can-small-businesses-adopt-ai/index.html</link>
		
		<dc:creator><![CDATA[AiryChat &#124; AI made easy]]></dc:creator>
		<pubDate>Thu, 17 Aug 2023 18:02:49 +0000</pubDate>
				<category><![CDATA[AI]]></category>
		<category><![CDATA[B2B]]></category>
		<guid isPermaLink="false">https://candorcomplian.wpengine.com/?p=277</guid>

					<description><![CDATA[<p>Although the journey towards AI integration might seem arduous, small businesses equipped with the right understanding and strategy can successfully navigate this path and compete effectively in the AI-powered world. In the face of challenges, remember: the size of your business doesn't define your ability to leverage AI technology; your approach does. Harnessing the power of AI can provide your businesses with a springboard to compete with larger enterprises, ensuring you remain at the forefront of your industry and prepared for the future.</p>
<p>The post <a href="./../how-can-small-businesses-adopt-ai/index.html">How can small businesses adopt AI?</a> appeared first on <a href="./../index.html">AiryChat</a>.</p>
]]></description>
		
		
		
			</item>
	</channel>
</rss>
